{
  "host": "Apple M2 Pro 16 GB; PyTorch MPS",
  "source": "artifacts/site-crawls/iceberg-apache-org-plan/chunks.jsonl",
  "samples": 1024,
  "query": "How does Apache Iceberg handle table metadata and snapshots?",
  "batch_size": 32,
  "results": {
    "float32": {
      "seconds": 16.704958958085626,
      "rows_per_second": 61.29916287548602,
      "top10": [
        8,
        3,
        11,
        1,
        7,
        17,
        23,
        118,
        769,
        759
      ],
      "seconds_runs": [
        15.567319458117709,
        15.83787800022401,
        15.933810458052903
      ],
      "median_seconds": 15.83787800022401,
      "median_rows_per_second": 64.65512614666666
    },
    "float16": {
      "seconds": 15.703363207867369,
      "rows_per_second": 65.20896106427551,
      "top10": [
        8,
        3,
        11,
        1,
        7,
        17,
        23,
        118,
        769,
        759
      ],
      "seconds_runs": [
        15.85683683399111,
        15.252903416054323,
        15.855455374810845
      ],
      "median_seconds": 15.855455374810845,
      "median_rows_per_second": 64.58344940548365
    }
  },
  "parity": {
    "min_cosine": 0.9997560381889343,
    "mean_cosine": 1.0001559257507324,
    "p01_cosine": 0.9997604489326477,
    "exact_top10_identity": true
  }
}