{
  "corpus": "artifacts/site-crawls/adk-dev-plan/pages",
  "runs": [
    {
      "old_seconds": 6.34960895916447,
      "new_seconds": 3.1950187920592725,
      "chunks": 8749,
      "files": 228
    },
    {
      "old_seconds": 6.388874290976673,
      "new_seconds": 3.182438749819994,
      "chunks": 8749,
      "files": 228
    },
    {
      "old_seconds": 6.298321624984965,
      "new_seconds": 3.222156875068322,
      "chunks": 8749,
      "files": 228
    }
  ],
  "old_median_seconds": 6.34960895916447,
  "new_median_seconds": 3.1950187920592725,
  "reduction_percent": 49.6816447657322
}
